Domain,Status,Attractiveness,Demand,Length,Sectors,Created,Expires,Registrar
one.review,available,132,44%,3,"Business,General,Media,Technology",,,
brief.review,available,124,19%,5,"Business,Education,General,Law",,,
complete.review,available,120,21%,8,"Manufacturing,Retail,Technology",,,
second.review,available,120,23%,6,"General,Mathematics",,,
wizard.review,available,118,42%,6,"Entertainment,Media,Technology",,,
tenth.review,available,116,7%,5,Mathematics,,,
equal.review,available,116,19%,5,"Education,General,Law",,,
flat.review,available,116,24%,4,"Construction,Real Estate",,,
tonic.review,available,114,22%,5,"Health and Fitness,Medicine,Science",,,
hotshot.review,available,112,14%,7,"Business,Entertainment,Sports",,,
zero.review,available,112,49%,4,Mathematics,,,
acute.review,available,112,9%,5,"Mathematics,Medicine,Science",,,
above.review,available,112,22%,5,Business,,,
abstract.review,available,108,29%,8,"Arts,Humanities,Science",,,
abiding.review,available,106,5%,7,"General,Religion",,,
teen.review,available,104,14%,4,"Education,Entertainment,Healthcare",,,
active.review,available,104,27%,6,"Health and Fitness,Sports,Travel",,,
expert.review,available,104,26%,6,"Business,Education,Technology",,,
absent.review,available,102,8%,6,"Business,Education,Technology",,,
extra.review,available,102,26%,5,"Fashion,Retail,Technology",,,
eight.review,available,102,23%,5,"General,Mathematics",,,
captive.review,available,102,14%,7,"Entertainment,Hospitality,Technology",,,
abrupt.review,available,100,3%,6,"Medicine,Science",,,
crack.review,available,100,20%,5,Sports,,,
whiz.review,available,100,12%,4,"Business,Education,Technology",,,
eighth.review,available,100,6%,6,Mathematics,,,
sixth.review,available,100,8%,5,Mathematics,,,
remove.review,available,100,13%,6,"Construction,Manufacturing,Technology",,,
ninth.review,available,100,9%,5,Mathematics,,,
third.review,available,100,16%,5,Mathematics,,,
adjunct.review,available,100,5%,7,Education,,,
genius.review,available,98,46%,6,"Arts,Education,Technology",,,
alamode.review,available,96,12%,9,Fashion,,,
doable.review,available,96,9%,6,"Business,Education,Technology",,,
actual.review,available,96,22%,6,"Real Estate,Retail,Technology",,,
forgiving.review,available,96,3%,9,"Healthcare,Religion",,,
academic.review,available,96,20%,8,"Education,Humanities,Science",,,
adequate.review,available,94,9%,8,"Education,Healthcare,Technology",,,
about.review,available,94,28%,5,"Business,General,Media,Technology",,,
around.review,available,94,22%,6,"Business,General,Media,Technology",,,
abject.review,available,94,7%,6,Humanities,,,
virtuoso.review,available,94,16%,8,"Arts,Entertainment",,,
adjective.review,available,92,5%,9,Education,,,
adept.review,available,92,24%,5,"Education,Health and Fitness,Sports",,,
derelict.review,available,92,7%,8,"Construction,Real Estate",,,
abroad.review,available,92,12%,6,"Hospitality,Travel",,,
neutral.review,available,92,20%,7,"Business,Media,Politics",,,
exemplary.review,available,92,5%,9,"Business,Education,Healthcare",,,
nought.review,available,92,4%,6,Mathematics,,,
twentieth.review,available,92,3%,9,Mathematics,,,
clear.review,available,90,47%,5,"Manufacturing,Retail,Technology",,,
endearing.review,available,90,1%,9,"Entertainment,Fashion,Retail",,,
abortive.review,available,90,1%,8,"Medicine,Science",,,
adoring.review,available,90,2%,7,"Entertainment,Fashion,Retail",,,
gripping.review,available,90,3%,8,"Entertainment,Media,Technology",,,
leash.review,available,90,7%,5,"General,Health and Fitness,Retail",,,
riveting.review,available,90,6%,8,"Entertainment,Media,Technology",,,
addictive.review,available,90,9%,9,Healthcare,,,
additional.review,available,90,8%,10,"Fashion,Retail,Technology",,,
adlib.review,available,88,7%,6,Entertainment,,,
activist.review,available,88,12%,8,"Humanities,Politics",,,
wide.review,available,88,18%,4,"Business,Media,Technology",,,
fifteen.review,available,88,13%,7,Mathematics,,,
three.review,available,88,24%,5,Mathematics,,,
twelve.review,available,88,18%,6,"General,Mathematics",,,
ace.review,available,88,34%,3,Sports,,,
eleven.review,available,88,33%,6,Mathematics,,,
actionable.review,available,88,13%,10,"Business,Law",,,
hundred.review,available,88,14%,7,Mathematics,,,
sixteen.review,available,88,11%,7,Mathematics,,,
proficient.review,available,88,8%,10,"Education,Health and Fitness,Sports",,,
ten.review,available,88,28%,3,"General,Mathematics",,,
engrossing.review,available,86,0%,10,"Entertainment,Media,Technology",,,
extempore.review,available,86,3%,9,Entertainment,,,
attendant.review,available,86,5%,9,"Healthcare,Hospitality,Transportation",,,
xiv.review,available,86,12%,3,Mathematics,,,
cipher.review,available,86,29%,6,Mathematics,,,
recondite.review,available,86,4%,9,"Arts,Humanities,Science",,,
aboriginal.review,available,86,10%,10,Humanities,,,
intent.review,available,86,25%,6,"Business,Education,Technology",,,
adolescent.review,available,86,3%,10,"Education,Entertainment,Healthcare",,,
star.review,available,86,40%,4,"Entertainment,Media,Sports",,,
xix.review,available,86,11%,3,Mathematics,,,
seventeen.review,available,84,7%,9,Mathematics,,,
grand.review,available,84,25%,5,"Finance,General",,,
thirteen.review,available,84,10%,8,Mathematics,,,
fourteen.review,available,84,8%,8,Mathematics,,,
accessory.review,available,84,8%,9,"Fashion,Retail,Technology",,,
acting.review,available,84,12%,6,Entertainment,,,
twentyone.review,available,84,13%,10,Mathematics,,,
sharp.review,available,84,34%,5,"Arts,Fashion",,,
twentytwo.review,available,84,11%,10,Mathematics,,,
thousand.review,available,84,8%,8,Mathematics,,,
adjustable.review,available,84,3%,10,"Manufacturing,Retail,Technology",,,
deviate.review,available,84,12%,7,"Medicine,Science",,,
nineteen.review,available,84,8%,8,Mathematics,,,
abroach.review,available,82,1%,7,Food and Beverage,,,
absorbent.review,available,82,3%,9,"Healthcare,Manufacturing,Retail",,,
abenaki.review,available,82,2%,7,Geography,,,
good.review,expiring,82,47%,4,"Food and Beverage,General,Health and Fitness,Retail",20/09/2016 11:45,19/09/2025 23:59,Safenames Ltd
altered.review,available,82,9%,7,"Medicine,Science",,,
enduring.review,available,82,9%,8,"Health and Fitness,Religion",,,
dozen.review,available,82,10%,5,Mathematics,,,
abkhaz.review,available,82,1%,6,Geography,,,
impromptu.review,available,82,16%,9,Entertainment,,,
cleansing.review,available,82,3%,9,Health and Fitness,,,
fivesome.review,available,82,1%,8,Sports,,,
decade.review,available,82,10%,6,Mathematics,,,
abdominal.review,available,82,1%,9,"Health and Fitness,Medicine",,,
sequent.review,available,80,7%,7,"Healthcare,Insurance,Transportation",,,
nine.review,available,80,24%,4,"General,Mathematics",,,
some.review,available,80,32%,4,"Business,Media,Retail",,,
superstar.review,available,80,18%,9,Entertainment,,,
two.review,available,80,24%,3,Mathematics,,,
absolute.review,available,80,25%,8,"Engineering,Mathematics,Science",,,
capable.review,available,80,12%,7,"Business,Education,Technology",,,
worshipful.review,available,80,1%,10,"Education,Healthcare,Religion",,,
absurd.review,available,80,16%,6,"Arts,Entertainment,Media",,,
yard.review,available,80,26%,4,"Construction,General",,,
adoptable.review,available,80,3%,9,"Education,Healthcare",,,
forty.review,available,80,9%,5,Mathematics,,,
twenty.review,available,80,12%,6,Mathematics,,,
dorsal.review,available,80,6%,6,"Medicine,Science",,,
first.review,available,80,36%,5,"General,Mathematics",,,
wiz.review,available,80,30%,3,"Business,Education,Technology",,,
absorbable.review,available,80,0%,10,"Healthcare,Pharmaceuticals,Science",,,
trio.review,available,80,21%,4,Entertainment,,,
seventh.review,available,80,10%,7,Mathematics,,,
abkhazian.review,available,78,1%,9,Geography,,,
accessible.review,available,78,21%,10,"Healthcare,Retail,Technology",,,
low.review,available,78,20%,3,"Business,Finance",,,
abounding.review,available,78,2%,9,Agriculture,,,
adorable.review,available,78,8%,8,"Entertainment,Fashion,Retail",,,
acceptant.review,available,78,1%,9,"Education,Healthcare",,,
recognised.review,available,78,3%,10,"Business,Education,Technology",,,
abkhasian.review,available,78,1%,9,Geography,,,
accepted.review,available,78,6%,8,"Business,Education,Technology",,,
absorptive.review,available,78,1%,10,"Healthcare,Manufacturing,Retail",,,
adrenal.review,available,78,4%,7,"Education,Healthcare,Science",,,
acceptable.review,available,78,5%,10,"Business,Hospitality,Retail",,,
adjacent.review,available,78,9%,8,"Construction,Real Estate,Retail",,,
dormant.review,available,78,4%,7,"Medicine,Science",,,
accidental.review,available,78,11%,10,"Healthcare,Insurance,Transportation",,,
sixtynine.review,available,78,8%,10,Mathematics,,,
recognized.review,available,78,3%,10,"Business,Education,Technology",,,
athletic.review,available,78,15%,8,"Health and Fitness,Sports",,,
honestly.review,available,78,9%,8,"Business,Law",,,
twentysix.review,available,78,8%,10,Mathematics,,,
accurate.review,available,78,16%,8,"Engineering,Mathematics,Science",,,
adaptable.review,available,76,9%,9,"Business,Education,Technology",,,
addable.review,available,76,2%,7,"Engineering,Mathematics,Science",,,
obscene.review,available,76,5%,7,"Entertainment,Media",,,
thirteenth.review,available,76,4%,10,Mathematics,,,
fifteenth.review,available,76,2%,9,Mathematics,,,
incidental.review,available,76,4%,10,"Healthcare,Insurance,Transportation",,,
ventral.review,available,76,3%,7,Science,,,
nineteenth.review,available,76,3%,10,Mathematics,,,
improvise.review,available,76,4%,9,Entertainment,,,
adhesive.review,available,76,7%,8,"Construction,Manufacturing,Technology",,,
auxiliary.review,available,76,7%,9,"Healthcare,Manufacturing,Technology",,,
energizing.review,available,76,3%,10,"Food and Beverage,Health and Fitness,Travel",,,
ancillary.review,available,76,6%,9,"Healthcare,Manufacturing,Technology",,,
thousandth.review,available,76,1%,10,Mathematics,,,
acoustic.review,available,76,14%,8,Science,,,
resultant.review,available,76,2%,9,"Healthcare,Insurance,Transportation",,,
firstrate.review,available,76,6%,10,Business,,,
hundredth.review,available,76,1%,9,Mathematics,,,
threed.review,available,76,7%,7,Technology,,,
adipose.review,available,76,2%,7,"Healthcare,Science",,,
ague.review,available,76,2%,4,"Geography,Medicine,Science",,,
abrasive.review,available,76,6%,8,"Construction,Manufacturing",,,
eighteen.review,available,76,7%,8,Mathematics,,,
diamond.review,available,76,32%,7,Fashion,,,
fourteenth.review,available,76,1%,10,Mathematics,,,
adaptive.review,available,76,28%,8,"Business,Education,Technology",,,
adherent.review,available,76,4%,8,"Politics,Religion",,,
aberrant.review,available,74,6%,8,"Medicine,Science",,,
adenoid.review,available,74,1%,7,"Health and Fitness,Medicine,Science",,,
activated.review,available,74,9%,9,"Healthcare,Manufacturing,Technology",,,
skilful.review,available,74,3%,7,"Education,Health and Fitness,Sports",,,
achievable.review,available,74,4%,10,"Business,Education,Technology",,,
broad.review,available,74,13%,5,"Entertainment,General,Media",,,
adrenergic.review,available,74,1%,10,"Education,Healthcare,Science",,,
playing.review,available,74,12%,7,Entertainment,,,
accepting.review,available,74,3%,9,"Education,Healthcare",,,
manageable.review,available,74,4%,10,"Business,Education,Technology",,,
realizable.review,available,74,1%,10,"Business,Education,Technology",,,
adapted.review,available,74,6%,7,"Healthcare,Manufacturing,Technology",,,
abnormal.review,available,74,16%,8,"Medicine,Science",,,
adamant.review,available,74,14%,7,Religion,,,
cleared.review,available,74,7%,7,"Healthcare,Law,Transportation",,,
single.review,available,74,19%,6,Sports,,,
mavin.review,available,74,7%,5,"Entertainment,Fashion,Technology",,,
sensation.review,available,74,7%,9,"Entertainment,Media,Sports",,,
supra.review,available,74,25%,5,"Medicine,Science",,,
admirable.review,available,74,5%,9,"Business,Education,Healthcare",,,
acuate.review,available,74,2%,6,"Engineering,Medicine,Science",,,
adiabatic.review,available,72,3%,9,"Engineering,Science",,,
adonic.review,available,72,2%,6,"Arts,Education,Entertainment",,,
adjunctive.review,available,72,1%,10,"Healthcare,Manufacturing,Technology",,,
sixtieth.review,available,72,1%,8,Mathematics,,,
aching.review,available,72,4%,6,Healthcare,,,
absolutist.review,available,72,1%,10,"Humanities,Law,Politics",,,
ninetieth.review,available,72,1%,9,Mathematics,,,
absorbed.review,available,72,2%,8,"Entertainment,Media,Technology",,,
champion.review,available,72,28%,8,"Entertainment,Health and Fitness,Sports",,,
accusative.review,available,72,0%,10,"Humanities,Law",,,
improvize.review,available,72,1%,9,Entertainment,,,
adjectival.review,available,72,1%,10,Education,,,
trey.review,available,72,14%,4,Sports,,,
abloom.review,available,72,5%,6,Agriculture,,,
seventieth.review,available,72,1%,10,Mathematics,,,
liv.review,available,72,27%,3,Mathematics,,,
ablaze.review,available,72,6%,6,Entertainment,,,
eightieth.review,available,72,1%,9,Mathematics,,,
ternary.review,available,72,7%,7,Mathematics,,,
abreast.review,available,72,2%,7,"Business,Technology",,,
addicted.review,available,72,9%,8,Healthcare,,,
engrossed.review,available,72,1%,9,"Entertainment,Media,Technology",,,
existent.review,available,72,3%,8,"Mathematics,Science",,,
lovely.review,available,72,26%,6,"Entertainment,Fashion,Retail",,,
trinity.review,available,72,18%,7,Religion,,,
accustomed.review,available,72,1%,10,"Business,Education,Humanities",,,
deep.review,available,72,41%,4,"Engineering,Mathematics,Science",,,
adaptative.review,available,72,1%,10,"Business,Education,Technology",,,
admired.review,available,70,5%,7,"Business,Education,Healthcare",,,
gymnastic.review,available,70,3%,9,"Entertainment,Sports",,,
adjusted.review,available,70,5%,8,"Manufacturing,Retail,Technology",,,
practiced.review,available,70,3%,9,"Education,Health and Fitness,Sports",,,
consequent.review,available,70,3%,10,"Business,Education,General,Technology",,,
abradant.review,available,70,1%,8,"Construction,Manufacturing",,,
miserable.review,available,70,4%,9,Humanities,,,
adamantine.review,available,70,4%,10,Religion,,,
unity.review,available,70,40%,5,Mathematics,,,
offhand.review,available,70,2%,7,Entertainment,,,
acuminate.review,available,70,1%,9,"Engineering,Medicine,Science",,,
skillful.review,available,70,9%,8,"Education,Health and Fitness,Sports",,,
lowdown.review,available,70,6%,8,"Entertainment,Media",,,
accumbent.review,available,70,1%,9,"Healthcare,Medicine,Science",,,
tiptop.review,available,70,24%,6,Fashion,,,
recumbent.review,available,70,2%,9,"Healthcare,Medicine,Science",,,
abulic.review,available,70,1%,6,Medicine,,,
absorbing.review,available,70,3%,9,"Entertainment,Media,Technology",,,
adored.review,available,70,6%,6,"Entertainment,Fashion,Retail",,,
stillborn.review,available,70,2%,9,"Medicine,Science",,,
septenary.review,available,68,1%,9,Mathematics,,,
thirtieth.review,available,68,1%,9,Mathematics,,,
ane.review,available,68,12%,3,Mathematics,,,
fiftieth.review,available,68,0%,8,Mathematics,,,
aberdonian.review,available,68,1%,10,Geography,,,
sevener.review,available,68,1%,7,Mathematics,,,
licenced.review,available,68,2%,8,"Business,Healthcare,Insurance",,,
ablative.review,available,68,3%,8,Science,,,
disciple.review,available,68,14%,8,"Education,Religion",,,
activating.review,available,68,3%,10,"Healthcare,Manufacturing,Technology",,,
licensed.review,available,68,5%,8,"Business,Healthcare,Insurance",,,
abducent.review,available,68,0%,8,Medicine,,,
threesome.review,available,68,5%,9,Entertainment,,,
aculeate.review,available,68,1%,8,"Engineering,Medicine,Science",,,
decorated.review,available,68,3%,9,"Entertainment,Fashion,Retail",,,
vindicated.review,available,68,2%,10,"Humanities,Law,Politics",,,
aroused.review,available,68,3%,7,"Entertainment,Health and Fitness",,,
scurvy.review,available,68,3%,6,Humanities,,,
ennead.review,available,68,5%,6,Mathematics,,,
acerate.review,available,68,1%,7,Science,,,
fortieth.review,available,68,0%,8,Mathematics,,,
stygian.review,available,68,5%,7,Humanities,,,
octonary.review,available,68,1%,8,Mathematics,,,
overseas.review,available,68,12%,8,"Hospitality,Travel",,,
abnaki.review,available,68,1%,6,Geography,,,
achaean.review,available,68,2%,7,Humanities,,,
foursome.review,available,68,4%,8,Sports,,,
accredited.review,available,68,9%,10,"Business,Education,Healthcare",,,
achaian.review,available,68,2%,7,Humanities,,,
abkhas.review,available,68,0%,6,Geography,,,
xxi.review,available,66,10%,3,Mathematics,,,
maven.review,available,66,30%,5,"Entertainment,Fashion,Technology",,,
eighty.review,available,66,6%,6,Mathematics,,,
modish.review,available,66,5%,6,Fashion,,,
exonerated.review,available,66,2%,10,"Humanities,Law,Politics",,,
tenner.review,available,66,5%,6,Finance,,,
deuce.review,available,66,9%,5,Sports,,,
according.review,available,66,3%,9,"Business,Education,Technology",,,
fifty.review,available,66,12%,5,Mathematics,,,
sextet.review,available,66,1%,6,Entertainment,,,
five.review,available,66,26%,4,Mathematics,,,
xii.review,available,66,10%,3,Mathematics,,,
performing.review,available,66,6%,10,Entertainment,,,
xiii.review,available,66,9%,4,Mathematics,,,
buzzing.review,available,66,7%,7,"Entertainment,Media,Technology",,,
onec.review,available,66,6%,5,Mathematics,,,
six.review,available,66,26%,3,Mathematics,,,
acrobatic.review,available,66,4%,9,"Entertainment,Sports",,,
adorned.review,available,66,5%,7,"Entertainment,Fashion,Retail",,,
xxv.review,available,66,6%,3,Mathematics,,,
acervate.review,available,66,1%,8,Science,,,
xxvi.review,available,66,3%,4,Mathematics,,,
xvii.review,available,66,5%,4,Mathematics,,,
xxii.review,available,66,6%,4,Mathematics,,,
teenager.review,available,66,4%,8,"Education,Entertainment,Healthcare",,,
four.review,available,66,27%,4,Mathematics,,,
acappella.review,available,66,6%,10,Entertainment,,,
clv.review,available,66,10%,3,Mathematics,,,
xvi.review,available,66,5%,3,Mathematics,,,
xviii.review,available,66,5%,5,Mathematics,,,
thirty.review,available,66,8%,6,Mathematics,,,
adopted.review,available,66,4%,7,"Education,Healthcare",,,
ninety.review,available,66,11%,6,Mathematics,,,
accessary.review,available,66,1%,9,"Business,Law,Technology",,,
century.review,available,66,17%,7,Education,,,
abstinent.review,available,66,1%,9,"Health and Fitness,Religion",,,
rising.review,available,64,18%,6,"Construction,Manufacturing,Real Estate",,,
adagio.review,available,64,14%,6,Entertainment,,,
deviant.review,available,64,12%,7,"Medicine,Science",,,
ccc.review,available,64,38%,3,Mathematics,,,
acentric.review,available,64,2%,8,Science,,,
aflame.review,available,64,3%,6,Entertainment,,,
scatty.review,available,64,1%,6,"Arts,Entertainment,Media",,,
absolved.review,available,64,1%,8,"Humanities,Law,Religion",,,
nondrinker.review,available,64,1%,10,"Health and Fitness,Religion",,,
astringent.review,available,64,1%,10,"Healthcare,Pharmaceuticals",,,
accordant.review,available,64,3%,9,"Arts,Entertainment",,,
aborigine.review,available,62,1%,9,Humanities,,,
troika.review,available,62,8%,6,Politics,,,
eighteenth.review,available,62,1%,10,Mathematics,,,
chiliad.review,available,62,2%,7,Mathematics,,,
playacting.review,available,62,1%,10,Entertainment,,,
accrued.review,available,62,2%,7,"Banking,Finance,Insurance",,,
nail.review,available,62,16%,4,"Construction,Fashion,General,Retail",,,
aufait.review,available,62,3%,7,"Fashion,Media",,,
admissible.review,available,62,1%,10,"Education,Healthcare,Law",,,
adjuvant.review,available,62,5%,8,"Healthcare,Manufacturing,Technology",,,
adoptive.review,available,62,1%,8,"Education,Healthcare",,,
wrapped.review,available,62,13%,7,"Fashion,Hospitality,Retail",,,
orso.review,available,62,9%,5,"Business,Media,Technology",,,
activation.review,available,62,16%,10,"Healthcare,Manufacturing,Technology",,,
sixteenth.review,available,62,1%,9,Mathematics,,,
twodozen.review,available,62,1%,9,Mathematics,,,
activistic.review,available,62,1%,10,"Humanities,Politics",,,
abo.review,available,62,15%,3,Science,,,
eleventh.review,available,62,5%,8,Mathematics,,,
pungent.review,available,62,1%,7,Food and Beverage,,,
roughly.review,available,62,3%,7,"Business,Media,Technology",,,
ensuant.review,available,62,1%,7,"Healthcare,Insurance,Transportation",,,
accusing.review,available,62,1%,8,Law,,,
cumulative.review,available,62,2%,10,"Banking,Finance,Insurance",,,
fortyfour.review,available,62,6%,10,Mathematics,,,
acidic.review,available,62,5%,6,"Food and Beverage,Science",,,
quartet.review,available,62,7%,7,"Arts,Entertainment",,,
longdozen.review,available,62,2%,10,Mathematics,,,
exculpated.review,available,62,1%,10,"Humanities,Law,Politics",,,
paunchy.review,available,60,0%,7,"Health and Fitness,Medicine",,,
eightysix.review,available,60,7%,10,Mathematics,,,
clxx.review,available,60,3%,4,Mathematics,,,
cxlv.review,available,60,2%,4,Mathematics,,,
aboveboard.review,available,60,5%,10,"Business,Law",,,
octet.review,available,60,12%,5,Arts,,,
xcl.review,available,60,5%,3,Mathematics,,,
adnexal.review,available,60,1%,7,"Agriculture,Manufacturing,Retail",,,
cxv.review,available,60,4%,3,Mathematics,,,
annexal.review,available,60,1%,7,"Agriculture,Manufacturing,Retail",,,
adnate.review,available,60,1%,6,"Agriculture,Manufacturing,Retail",,,
clxv.review,available,60,1%,4,Mathematics,,,
abstemious.review,available,60,0%,10,"Food and Beverage,Health and Fitness,Hospitality",,,
clx.review,available,60,10%,3,Mathematics,,,
cxxx.review,available,60,4%,4,Mathematics,,,
thou.review,available,60,7%,4,Mathematics,,,
idolized.review,available,60,3%,8,"Entertainment,Fashion,Retail",,,
cxxv.review,available,60,1%,4,Mathematics,,,
clxxv.review,available,60,1%,5,Mathematics,,,
idolised.review,available,60,1%,8,"Entertainment,Fashion,Retail",,,
sixty.review,available,60,13%,5,Mathematics,,,
cxx.review,available,60,10%,3,Mathematics,,,
cautionary.review,available,60,1%,10,"Business,Education,Healthcare",,,
abstainer.review,available,60,0%,9,"Health and Fitness,Religion",,,
cxxxv.review,available,60,2%,5,Mathematics,,,
abashed.review,available,60,1%,7,Humanities,,,
acceptive.review,available,60,1%,9,"Education,Healthcare",,,
cxl.review,available,60,7%,3,Mathematics,,,
clxxx.review,available,60,1%,5,Mathematics,,,
tercet.review,available,59,2%,6,"Arts,Entertainment,Media",,,
fourth.review,available,58,13%,6,Mathematics,,,
justabout.review,available,58,3%,10,"Business,Media,Technology",,,
lxxx.review,available,58,2%,4,Mathematics,,,
tetrad.review,available,58,5%,6,Mathematics,,,
octad.review,available,58,5%,5,Mathematics,,,
super.review,available,58,47%,5,Business,,,
pentad.review,available,58,2%,6,Mathematics,,,
seventy.review,available,58,7%,7,Mathematics,,,
addible.review,available,58,2%,7,"Engineering,Mathematics,Science",,,
ache.review,available,58,7%,4,Healthcare,,,
twelfth.review,available,58,2%,7,Mathematics,,,
abridged.review,available,58,4%,8,Media,,,
cypher.review,available,58,29%,6,Mathematics,,,
sixer.review,available,58,5%,5,Sports,,,
hexad.review,available,58,4%,5,Mathematics,,,
enwrapped.review,available,58,0%,9,"Entertainment,Fashion,Media",,,
adjustive.review,available,58,1%,9,"Manufacturing,Retail,Technology",,,
fourscore.review,available,58,4%,9,Mathematics,,,
abused.review,available,58,5%,6,"Healthcare,Law",,,
quintet.review,available,58,8%,7,"Arts,Entertainment",,,
fifth.review,available,58,12%,5,Mathematics,,,
sixtyone.review,available,58,3%,9,Mathematics,,,
abuzz.review,available,58,5%,5,"Entertainment,Media,Technology",,,
alacarte.review,available,58,11%,10,Food and Beverage,,,
accoutred.review,available,58,1%,9,"Fashion,Manufacturing,Retail",,,
heptad.review,available,58,1%,6,Mathematics,,,
acetic.review,available,58,1%,6,"Food and Beverage,Science",,,
acyclic.review,available,58,4%,7,"Engineering,Mathematics,Science",,,
centesimal.review,available,58,1%,10,Mathematics,,,
aucourant.review,available,58,3%,10,"Fashion,Media",,,
adhoc.review,available,58,24%,6,"Business,Engineering,Technology",,,
actuarial.review,available,58,8%,9,"Finance,Insurance,Mathematics",,,
abandoned.review,available,58,10%,9,"Construction,Real Estate",,,
accretive.review,available,58,6%,9,"Banking,Finance,Insurance",,,
closeto.review,available,58,3%,8,"Business,Media,Technology",,,
lxxviii.review,available,58,1%,7,Mathematics,,,
seven.review,available,58,36%,5,Mathematics,,,
linear.review,available,58,22%,6,"Engineering,Mathematics,Science",,,
eighter.review,available,58,2%,7,Mathematics,,,
adient.review,available,58,4%,6,"Medicine,Science",,,
addressed.review,available,58,3%,9,"Business,Technology,Telecommunications",,,
offhanded.review,available,58,1%,9,Entertainment,,,
niner.review,available,58,5%,5,Mathematics,,,
sextuplet.review,available,58,1%,9,Healthcare,,,
accented.review,available,58,3%,8,"Arts,Entertainment",,,
xxxvii.review,available,56,2%,6,Mathematics,,,
xli.review,available,56,5%,3,Mathematics,,,
xxix.review,available,56,4%,4,Mathematics,,,
xxxi.review,available,56,9%,4,Mathematics,,,
lviii.review,available,56,1%,5,Mathematics,,,
xlviii.review,available,56,1%,6,Mathematics,,,
xxiii.review,available,56,5%,5,Mathematics,,,
potbellied.review,available,56,0%,10,"Health and Fitness,Medicine",,,
thirtytwo.review,available,56,5%,10,Mathematics,,,
lii.review,available,56,7%,3,Mathematics,,,
abeyant.review,available,56,1%,7,"Business,Law",,,
fiftyfour.review,available,56,3%,10,Mathematics,,,
lvi.review,available,56,8%,3,Mathematics,,,
fiftysix.review,available,56,4%,9,Mathematics,,,
liii.review,available,56,4%,4,Mathematics,,,
fiftyone.review,available,56,7%,9,Mathematics,,,
xxxv.review,available,56,4%,4,Mathematics,,,
xxxviii.review,available,56,1%,7,Mathematics,,,
xxxiv.review,available,56,1%,5,Mathematics,,,
thirtysix.review,available,56,5%,10,Mathematics,,,
xliii.review,available,56,1%,5,Mathematics,,,
maledict.review,available,56,1%,8,Religion,,,
xxviii.review,available,56,1%,6,Mathematics,,,
appressed.review,available,56,0%,9,"Agriculture,Manufacturing,Retail",,,
xlvi.review,available,56,3%,4,Mathematics,,,
triad.review,available,56,15%,5,Arts,,,
thirtyone.review,available,56,5%,10,Mathematics,,,
fiftyfive.review,available,56,7%,10,Mathematics,,,
fortyone.review,available,56,4%,9,Mathematics,,,
fiftytwo.review,available,56,6%,9,Mathematics,,,
fiftynine.review,available,56,4%,10,Mathematics,,,
aone.review,available,56,15%,5,Food and Beverage,,,
addled.review,available,56,2%,6,Entertainment,,,
admittible.review,available,56,1%,10,"Education,Healthcare,Hospitality",,,
terzetto.review,available,56,3%,8,Arts,,,
xxxiii.review,available,56,2%,6,Mathematics,,,
abdominous.review,available,56,0%,10,"Health and Fitness,Medicine",,,
xlii.review,available,56,5%,4,Mathematics,,,
fortytwo.review,available,56,17%,9,Mathematics,,,
admissive.review,available,56,1%,9,"Education,Healthcare,Hospitality",,,
ilx.review,available,56,5%,3,Mathematics,,,
xxiv.review,available,56,5%,4,Mathematics,,,
halfdozen.review,available,56,1%,10,Mathematics,,,
xxxvi.review,available,56,1%,5,Mathematics,,,
xxvii.review,available,56,3%,5,Mathematics,,,
lvii.review,available,56,1%,4,Mathematics,,,
xlv.review,available,56,6%,3,Mathematics,,,
admittable.review,available,56,1%,10,"Education,Healthcare,Hospitality",,,
accoutered.review,available,56,0%,10,"Fashion,Manufacturing,Retail",,,
fortysix.review,available,56,3%,9,Mathematics,,,
fortynine.review,available,56,3%,10,Mathematics,,,
xlvii.review,available,56,2%,5,Mathematics,,,
xliv.review,available,56,2%,4,Mathematics,,,
xxxii.review,available,56,1%,5,Mathematics,,,
abatic.review,available,54,1%,6,Science,,,
achy.review,available,54,3%,4,Healthcare,,,
admonitory.review,available,54,0%,10,"Business,Education,Healthcare",,,
abhorrent.review,available,54,1%,9,Humanities,,,
monitory.review,available,54,3%,8,"Business,Education,Healthcare",,,
iii.review,available,54,24%,3,Mathematics,,,
abasic.review,available,54,1%,6,Science,,,
adpressed.review,available,54,0%,9,"Agriculture,Manufacturing,Retail",,,
adaxial.review,available,54,2%,7,Science,,,
aboral.review,available,54,2%,6,Science,,,
adducent.review,available,54,1%,8,"Engineering,Mathematics,Science",,,
ternion.review,available,54,3%,7,Mathematics,,,
fin.review,available,54,30%,3,Finance,,,
topnotch.review,available,54,18%,8,Business,,,
quaternity.review,available,54,4%,10,Mathematics,,,
acoustical.review,available,54,4%,10,Science,,,
actuated.review,available,54,2%,8,"Automotive,Manufacturing,Technology",,,
quatern.review,available,54,2%,7,Mathematics,,,
accentual.review,available,54,3%,9,"Arts,Entertainment",,,
abient.review,available,54,1%,6,Science,,,
accursed.review,available,54,3%,8,"Entertainment,Media,Religion",,,
abaxial.review,available,54,1%,7,Science,,,
adductive.review,available,54,0%,9,"Engineering,Mathematics,Science",,,
threescore.review,available,54,1%,10,Mathematics,,,
abatable.review,available,54,1%,8,Law,,,
sise.review,available,54,5%,4,Mathematics,,,
abducens.review,available,54,1%,8,Medicine,,,
achromatic.review,available,54,4%,10,Science,,,
vii.review,available,54,13%,3,Mathematics,,,
quadruplet.review,available,54,1%,10,"Healthcare,Medicine,Science",,,
quaternion.review,available,54,6%,10,Mathematics,,,
scratchy.review,available,54,3%,8,Fashion,,,
unnatural.review,available,54,4%,9,"Medicine,Science",,,
twoscore.review,available,54,2%,8,Mathematics,,,
fortyfive.review,available,54,4%,10,Mathematics,,,
adducting.review,available,54,1%,9,"Engineering,Mathematics,Science",,,
deserted.review,available,54,3%,8,"Hospitality,Real Estate",,,
quintuplet.review,available,54,1%,10,"Healthcare,Medicine,Science",,,
adjuratory.review,available,54,0%,10,"Law,Politics,Religion",,,
deuceace.review,available,54,2%,9,Sports,,,
viii.review,available,54,6%,4,Mathematics,,,
xxx.review,available,53,30%,3,"Arts,Entertainment,Media",,,
septet.review,available,53,1%,6,General,,,
sestet.review,available,53,1%,6,Arts,,,
lxxv.review,available,52,1%,4,Mathematics,,,
xciii.review,available,52,1%,5,Mathematics,,,
ninetytwo.review,available,52,4%,10,Mathematics,,,
lxvii.review,available,52,1%,5,Mathematics,,,
xcvii.review,available,52,1%,5,Mathematics,,,
lxxxi.review,available,52,1%,5,Mathematics,,,
sixtyfour.review,available,52,3%,10,Mathematics,,,
chagrined.review,available,52,1%,9,Humanities,,,
lxii.review,available,52,1%,4,Mathematics,,,
ninetysix.review,available,52,4%,10,Mathematics,,,
lxxvii.review,available,52,2%,6,Mathematics,,,
ninetyone.review,available,52,5%,10,Mathematics,,,
xcviii.review,available,52,1%,6,Mathematics,,,
abusive.review,available,52,3%,7,"Healthcare,Law",,,
lxxxvii.review,available,52,1%,7,Mathematics,,,
lxiv.review,available,52,3%,4,Mathematics,,,
ixl.review,available,52,9%,3,Mathematics,,,
lxxiii.review,available,52,1%,6,Mathematics,,,
adenoidal.review,available,52,1%,9,"Health and Fitness,Medicine,Science",,,
lxxii.review,available,52,1%,5,Mathematics,,,
aboulic.review,available,52,1%,7,Medicine,,,
sixtytwo.review,available,52,3%,9,Mathematics,,,
abstruse.review,available,52,5%,8,"Humanities,Mathematics,Science",,,
lxxxii.review,available,52,1%,6,Mathematics,,,
lxxxvi.review,available,52,1%,6,Mathematics,,,
repugnant.review,available,52,1%,9,Humanities,,,
lxxxiv.review,available,52,1%,6,Mathematics,,,
lxxxiii.review,available,52,1%,7,Mathematics,,,
lxxvi.review,available,52,1%,5,Mathematics,,,
xciv.review,available,52,2%,4,Mathematics,,,
abysmal.review,available,52,4%,7,"Arts,Entertainment,Media",,,
ablated.review,available,52,1%,7,Science,,,
lxiii.review,available,52,2%,5,Mathematics,,,
ixc.review,available,52,5%,3,Mathematics,,,
eightyone.review,available,52,3%,10,Mathematics,,,
lxxxv.review,available,52,1%,5,Mathematics,,,
abominable.review,available,52,2%,10,"Entertainment,Humanities",,,
lxviii.review,available,52,1%,6,Mathematics,,,
xcvi.review,available,52,2%,4,Mathematics,,,
odious.review,available,52,2%,6,"Entertainment,Humanities",,,
littlejoe.review,available,52,2%,10,"Entertainment,Media",,,
xcv.review,available,52,7%,3,Mathematics,,,
sixtyfive.review,available,52,3%,10,Mathematics,,,
decumbent.review,available,52,1%,9,"Healthcare,Medicine,Science",,,
lxxiv.review,available,52,1%,5,Mathematics,,,
lxi.review,available,52,5%,3,Mathematics,,,
eightytwo.review,available,52,4%,10,Mathematics,,,
lxxi.review,available,52,1%,4,Mathematics,,,
sixtysix.review,available,52,4%,9,Mathematics,,,
repulsive.review,available,52,1%,9,Humanities,,,
lxvi.review,available,52,3%,4,Mathematics,,,
uphill.review,available,52,7%,6,"Sports,Transportation,Travel",,,
xcii.review,available,52,2%,4,Mathematics,,,
lxv.review,available,52,5%,3,Mathematics,,,
tierce.review,available,52,3%,6,General,,,
detestable.review,available,52,1%,10,Humanities,,,
xci.review,available,52,4%,3,Mathematics,,,
trine.review,available,50,11%,5,"General,Religion",,,
gillless.review,available,50,0%,9,Science,,,
acapnic.review,available,50,0%,7,"Healthcare,Medicine,Science",,,
broached.review,available,50,0%,8,Food and Beverage,,,
spinous.review,available,50,1%,7,"Agriculture,Science",,,
abdicable.review,available,50,0%,9,Law,,,
adhominem.review,available,50,2%,10,"Humanities,Law,Politics",,,
acellular.review,available,50,1%,9,Science,,,
ogdoad.review,available,50,1%,6,Mathematics,,,
acetose.review,available,50,1%,7,Science,,,
triplet.review,available,50,8%,7,Science,,,
abomasal.review,available,50,0%,8,Agriculture,,,
aculeated.review,available,50,0%,9,"Engineering,Medicine,Science",,,
quint.review,available,50,13%,5,"Arts,Entertainment",,,
acaudal.review,available,50,1%,7,"Agriculture,Science",,,
acetous.review,available,50,1%,7,Science,,,
adactylous.review,available,50,0%,10,Science,,,
vinegary.review,available,50,1%,8,Food and Beverage,,,
needlelike.review,available,50,0%,10,"Engineering,Medicine,Science",,,
abbatial.review,available,50,0%,8,Religion,,,
acerbic.review,available,50,2%,7,"Arts,Humanities,Media",,,
acerose.review,available,50,1%,7,Science,,,
acapnotic.review,available,50,0%,9,"Healthcare,Medicine,Science",,,
acquitted.review,available,50,1%,9,Law,,,
abranchial.review,available,50,0%,10,Science,,,
cinque.review,available,50,7%,6,Mathematics,,,
abactinal.review,available,50,0%,9,Science,,,
aborticide.review,available,50,0%,10,Medicine,,,
acerb.review,available,50,2%,5,Science,,,
scummy.review,available,50,1%,6,Humanities,,,
lxx.review,available,50,5%,3,Mathematics,,,
abducting.review,available,50,0%,9,Medicine,,,
ilxxx.review,available,48,1%,5,Mathematics,,,
lxxxviii.review,available,48,1%,8,Mathematics,,,
apriori.review,available,48,13%,8,Mathematics,,,
abyssal.review,available,48,12%,7,"Arts,Entertainment,Media",,,
notguilty.review,available,48,5%,10,Law,,,
abstracted.review,available,48,5%,10,"Arts,Humanities,Science",,,
execrable.review,available,48,0%,9,"Entertainment,Humanities",,,
ilxx.review,available,48,1%,4,Mathematics,,,
acetylic.review,available,46,1%,8,Science,,,
acaudate.review,available,46,1%,8,"Agriculture,Science",,,
stripling.review,available,46,2%,9,"Education,Entertainment,Healthcare",,,
stemless.review,available,46,2%,8,"Agriculture,Science",,,
acanthous.review,available,46,0%,9,"Agriculture,Science",,,
acephalous.review,available,46,1%,10,Science,,,
acetabular.review,available,46,1%,10,Science,,,
achromous.review,available,46,1%,9,Science,,,
acanthoid.review,available,46,1%,9,"Agriculture,Science",,,
acicular.review,available,46,2%,8,Science,,,
acheronian.review,available,46,1%,10,Humanities,,,
acanthotic.review,available,46,0%,10,"Agriculture,Science",,,
cotyloid.review,available,46,1%,8,Science,,,
quaternary.review,available,46,3%,10,Mathematics,,,
acapnial.review,available,46,0%,8,"Healthcare,Medicine,Science",,,
achenial.review,available,46,1%,8,Science,,,
achromic.review,available,46,2%,8,Science,,,
theabsurd.review,available,46,1%,10,"Arts,Entertainment,Media",,,
acetonic.review,available,46,1%,8,Science,,,
acarpelous.review,available,46,0%,10,"Agriculture,Science",,,
vinegarish.review,available,46,1%,10,Food and Beverage,,,
acarpous.review,available,46,0%,8,"Agriculture,Science",,,
acetylenic.review,available,46,1%,10,Science,,,
acherontic.review,available,44,1%,10,Humanities,,,
accusatory.review,available,44,1%,10,Law,,,
cotyloidal.review,available,44,1%,10,Science,,,
abscessed.review,available,41,0%,9,Healthcare,,,
phoebe.review,available,41,14%,6,Science,,,
accusive.review,available,40,1%,8,Law,,,
scurrilous.review,available,40,1%,10,"Entertainment,Media,Politics",,,
accurst.review,available,40,1%,7,Religion,,,